,Unnamed: 0,assists,class_year,corners,d_saves,division_id,fouls,g_loss,g_wins,ga,gaa,gc,ggs,goal_app,goalie_min_played,goals,gp,gs,gwg,jersey_number,ncaa_name,player_name,points,ps,psa,red_cards,save_pct,saves,school,season,sh_att,shutouts,team_name,year,yellow_cards
0,0, ,Jr, , ,1,9, , ,,, , , , ,3,21.0,21.0,2,2,AJ Cochran,"Cochran, AJ",6.0, , , ,, ,Wisconsin,2014,16, ,Wisconsin,2014,1
1,1,7,Sr, , ,1,1, , ,,, , , , ,3,22.0,22.0, ,10,A.J. Corrado,"Corrado, A.J.",13.0, , , ,, ,Indiana,2014,34, ,Indiana,2014,1
2,2,1,Sr, , ,1, , , ,,, , , , ,3,17.0,4.0, ,9,Adnan Gabeljic,"Gabeljic, Adnan",7.0, , , ,, ,Saint Louis,2014,20, ,Saint Louis,2014, 
3,3,8,Sr, , ,1, , , ,,, , , , ,2,17.0,17.0, ,15,Alex Martinez,"Martinez, Alex",12.0, , , ,, ,North Carolina St.,2014,29, ,North Carolina St.,2014,2
4,4, ,Jr, , ,1, ,3,10,17.0,0.7490000000000001, ,21,21,2043:32, ,21.0,21.0, ,18,Andre Blake,"Blake, Andre",0.0, , , ,0.696,39,UConn,2014, ,10,UConn,2014,1
5,5,1,Sr, , ,1, , , ,,, , , , ,7,18.0,15.0,3,10,Aodhan Quinn,"Quinn, Aodhan",15.0,1,2, ,, ,Akron,2014,57, ,Akron,2014,2
6,6, ,Sr, , ,1, , , ,,, , , , ,1,21.0,21.0, ,22,Ben Sweat,"Sweat, Ben",2.0, , , ,, ,South Fla.,2014,10, ,South Fla.,2014, 
7,7,3,Sr, , ,1, , , ,,, , , , , ,15.0,14.0, ,18,Chris Duvall,"Duvall, Chris",3.0, , , ,, ,Wake Forest,2014,8, ,Wake Forest,2014,2
8,8,2,Jr, , ,1, , , ,,, , , , ,5,19.0,19.0,3,31,Damion Lowe,"Lowe, Damion",12.0, , ,1,, ,Hartford,2014,23, ,Hartford,2014,7
9,9,1,Sr, , ,1, , , ,,, , , , ,1,17.0,16.0, ,5,Fifi Baiden,"Baiden, Fifi",3.0, , ,1,, ,UC Santa Barbara,2014,9, ,UC Santa Barbara,2014,2
10,10,1,Sr, , ,1, , , ,,, , , , ,2,23.0,23.0, ,6,George Fochive,"Fochive, George",5.0, , , ,, ,UConn,2014,17, ,UConn,2014,7
11,11,1,Sr, , ,1, , , ,,, , , , ,2,21.0,21.0,1,2,JJ Koval,"Koval, JJ",5.0,1,2, ,, ,Stanford,2014,51, ,Stanford,2014,1
12,12,4,Sr, , ,1, , , ,,, , , , ,2,18.0,18.0,1,2,Jared Watts,"Watts, Jared",8.0, , ,1,, ,Wake Forest,2014,23, ,Wake Forest,2014,3
13,13, ,Sr, , ,1, , , ,,, , , , ,4,20.0,20.0,3,5,Jimmy Ockford,"Ockford, Jimmy",8.0, , , ,, ,Louisville,2014,22, ,Louisville,2014,2
14,14, ,Sr, , ,1,2, , ,,, , , , , ,21.0,21.0, ,4,Joey Dillon,"Dillon, Joey",0.0, , , ,, ,Georgetown,2014, , ,Georgetown,2014,2
15,15, ,Sr, , ,1, ,9,8,17.0,0.861, ,19,19,1776:18, ,19.0,19.0, ,1,John Berner,"Berner, John",0.0, , ,1,0.7070000000000001,41,SIUE,2014, ,6,SIUE,2014, 
16,16,4,, , ,1, , , ,,, , , , ,7,19.0,19.0,3,13,Kadeem Dacres,"Dacres, Kadeem",18.0,1,1, ,, ,UMBC,2014,76, ,UMBC,2014,7
17,17,2,Sr, , ,1, , , ,,, , , , ,2,18.0,18.0, ,3,Kevin Cope,"Cope, Kevin",6.0, , , ,, ,Michigan St.,2014,8, ,Michigan St.,2014, 
18,18,6,Sr, , ,1, , , ,,, , , , ,5,18.0,17.0,1,19,Kristopher Tyrpak,"Tyrpak, Kristopher",16.0, ,1, ,, ,Houston Baptist,2014,70, ,Houston Baptist,2014,2
19,19,1,Sr, , ,1, , , ,,, , , , ,1,22.0,22.0,1,12,Kyle Venter,"Venter, Kyle",3.0, , , ,, ,New Mexico,2014,16, ,New Mexico,2014,2
20,20,5,Sr, , ,1,1, , ,,, , , , ,8,21.0,17.0, ,11,Luca Gimenez,"Gimenez, Luca",21.0,2,3, ,, ,Wake Forest,2014,73, ,Wake Forest,2014,3
21,21,3,Sr, , ,1, , , ,,, , , , ,14,20.0,20.0,5,8,Mackenzie Pridham,"Pridham, Mackenzie",31.0,1,1, ,, ,Cal Poly,2014,67, ,Cal Poly,2014,1
22,22,5,Sr, , ,1, , , ,,, , , , ,2,16.0,14.0,1,23,Mamadou Doudou Diouf,"Diouf, Mamadou Doudou",9.0, ,1, ,, ,UConn,2014,40, ,UConn,2014,1
23,23,2,Sr, , ,1, , , ,,, , , , , ,23.0,23.0, ,3,Marco Franco,"Franco, Marco",2.0, , , ,, ,UC Irvine,2014,3, ,UC Irvine,2014, 
24,24,2,Sr, , ,1, , , ,,, , , , ,7,18.0,18.0,1,2,Mark Sherrod,"Sherrod, Mark",16.0,4,4, ,, ,Memphis,2014,69, ,Memphis,2014,1
25,25,5,Sr, , ,1,1, , ,,, , , , ,6,22.0,22.0,2,11,Michael Calderon,"Calderon, Michael",17.0,4,5, ,, ,New Mexico,2014,62, ,New Mexico,2014,2
26,26, ,Sr, , ,1,3, , ,,, , , , , ,21.0,21.0, ,10,Michael Kafari,"Kafari, Michael",0.0, , , ,, ,New Mexico,2014,15, ,New Mexico,2014,7
27,27,3,Sr, , ,1, , , ,,, , , , , ,19.0,19.0, ,17,Nick Hagglund,"Hagglund, Nick",3.0, , , ,, ,Xavier,2014,26, ,Xavier,2014, 
28,28,3,Sr, , ,1, , , ,,, , , , ,5,22.0,17.0,1,8,Nikita Kotlov,"Kotlov, Nikita",13.0, , , ,, ,Indiana,2014,56, ,Indiana,2014, 
29,29,8,Sr, , ,1, , , ,,, , , , ,19,26.0,26.0,6,15,Patrick Mullins,"Mullins, Patrick",46.0,9,9, ,, ,Maryland,2014,109, ,Maryland,2014,1
30,30,7,Sr, , ,1, , , ,,, , , , ,11,23.0,23.0,2,10,Pedro Ribeiro,"Ribeiro, Pedro",29.0,2,2, ,, ,Coastal Caro.,2014,77, ,Coastal Caro.,2014,3
31,31,3,Sr, , ,1, , , ,,, , , , ,13,19.0,19.0,5,9,Pete Caringi,"Caringi, Pete",29.0,1,1, ,, ,UMBC,2014,66, ,UMBC,2014,1
32,32,2,Sr, , ,1, , , ,,, , , , ,8,18.0,18.0,5,7,Reinaldo Brenes,"Brenes, Reinaldo",18.0,1,2, ,, ,Akron,2014,56, ,Akron,2014,2
33,33,1,Sr, , ,1, , , ,,, , , , ,4,20.0,18.0,3,23,Robbie Derschang,"Derschang, Robbie",9.0, , , ,, ,Akron,2014,32, ,Akron,2014,1
34,34,4,Sr, , ,1, , , ,,, , , , ,1,20.0,20.0, ,3,Ryan Neil,"Neil, Ryan",6.0, , , ,, ,California,2014,17, ,California,2014,3
35,35,1,Sr, , ,1, , , ,,, , , , ,10,19.0,19.0,3,15,Steve Birnbaum,"Birnbaum, Steve",21.0,2,3, ,, ,California,2014,25, ,California,2014,3
36,36, ,Sr, , ,1, , , ,,, , , , ,6,21.0,21.0,2,5,Taylor Peay,"Peay, Taylor",12.0, , , ,, ,Washington,2014,25, ,Washington,2014,1
37,37,8,Sr, , ,1, , , ,,, , , , ,7,20.0,20.0,4,5,Thomas McNamara,"McNamara, Thomas",22.0,2,3,1,, ,Clemson,2014,50, ,Clemson,2014,1
38,38,7,Sr, , ,1, , , ,,, , , , ,8,20.0,20.0,3,8,Victor Chavez,"Chavez, Victor",23.0, , , ,, ,UCLA,2014,36, ,UCLA,2014, 
39,39,8,Sr, , ,1, , , ,,, , , , ,1,19.0,17.0, ,11,Victor Munoz,"Munoz, Victor",10.0, , , ,, ,UCLA,2014,19, ,UCLA,2014,1
40,40,9,Sr, , ,1, , , ,,, , , , ,10,19.0,19.0,6,14,Zach Bolden,"Bolden, Zach",29.0,1,1, ,, ,Denver,2014,61, ,Denver,2014, 
41,41,1,Sr, , ,1, , , ,,, , , , , ,19.0,12.0, ,10,Romena Bowie,"Bowie, Romena",1.0, , , ,, ,VCU,2014,16, ,VCU,2014,1
42,42,3,Sr, , ,1,1, , ,,, , , , ,3,22.0,22.0,1,17,Jacob Bushue,"Bushue, Jacob",9.0, , , ,, ,Indiana,2014,19, ,Indiana,2014,2
43,43,7,Sr, , ,1, , , ,,, , , , ,8,23.0,22.0,4,10,Enrique Cardenas,"Cardenas, Enrique",23.0,3,3, ,, ,UC Irvine,2014,64, ,UC Irvine,2014,4
44,44, ,Sr, , ,1, ,7,11,17.0,0.804, ,20,20,1903:14, ,20.0,20.0, ,1,Rafael Diaz,"Diaz, Rafael",0.0, , , ,0.7979999999999999,67,St. John's (NY),2014, ,9,St. John's (NY),2014, 
45,45,4,Sr, , ,1, , , ,,, , , , ,3,21.0,21.0,2,10,Tyler Gibson,"Gibson, Tyler",10.0,3,3, ,, ,Charlotte,2014,28, ,Charlotte,2014,4
46,46, ,Sr, , ,1, ,3,3,7.0,1.273, ,6,6,495:00, ,6.0,6.0, ,1,Kees Heemskerk,"Heemskerk, Kees",0.0, , , ,0.816,31,Col. of Charleston,2014, ,1,Col. of Charleston,2014,1
47,47,5,Sr, , ,1, , , ,,, , , , ,4,18.0,18.0,3,10,Martin Ontiveros,"Ontiveros, Martin",13.0, , , ,, ,Furman,2014,56, ,Furman,2014,2
48,48, ,Sr, , ,1, ,5,8,22.0,1.293, ,14,16,1531:41, ,16.0,16.0, ,1,Fabian Otte,"Otte, Fabian",0.0, , , ,0.722,57,North Carolina St.,2014, ,5,North Carolina St.,2014, 
49,49,9,Sr, ,1,1, , , ,,, , , , , ,21.0,21.0, ,8,Justin Portillo,"Portillo, Justin",9.0, , , ,, ,Coastal Caro.,2014,48, ,Coastal Caro.,2014,2
50,50, ,Sr, , ,1, ,8,4,23.0,1.26, ,16,17,1643:16, ,17.0,17.0, ,1,Kyle Renfro,"Renfro, Kyle",0.0, , , ,0.7929999999999999,88,Virginia Tech,2014, ,5,Virginia Tech,2014, 
51,51,2,Sr, , ,1, , , ,,, , , , ,3,17.0,17.0,1,12,Patrick Slogic,"Slogic, Patrick",8.0, , , ,, ,Cornell,2014,29, ,Cornell,2014,3
52,52,14,Sr, , ,1, , , ,,, , , , ,6,23.0,22.0,3,19,Wojciech Wojcik,"Wojcik, Wojciech",26.0, , , ,, ,Bradley,2014,69, ,Bradley,2014,1
53,53,8,Sr, , ,1,13, , ,,, , , , ,4,17.0,12.0,2,10,Tomislav Zadro,"Zadro, Tomislav",16.0, ,1, ,, ,Wisconsin,2014,31, ,Wisconsin,2014,4
0,0, ,Sr, , ,1, , , ,,, , , , ,2,24.0,16.0, ,5,Aaron Simmons,"Simmons, Aaron",4.0, , , ,, ,UCLA,2015,4, ,UCLA,2015,3
1,1,4,Sr, , ,1,2, , ,,, , , , ,5,21.0,21.0,2,13,Adam Montague,"Montague, Adam",14.0, , , ,, ,Michigan St.,2015,52, ,Michigan St.,2015,5
2,2,2,Sr, , ,1, , , ,,, , , , ,6,13.0,12.0,3,4,Akeil Barrett,"Barrett, Akeil",14.0,2,2, ,, ,Tulsa,2015,39, ,Tulsa,2015,2
3,3,8,Sr, , ,1, , , ,,, , , , ,13,19.0,19.0,4,8,Andy Bevin,"Bevin, Andy",34.0,2,2, ,, ,West Virginia,2015,57, ,West Virginia,2015,1
4,4,5,Sr, , ,1,1, , ,,, , , , ,15,22.0,22.0,8,10,Andy Craven,"Craven, Andy",35.0, , , ,, ,North Carolina,2015,61, ,North Carolina,2015,1
5,5,2,Sr, , ,1, , , ,,, , , , , ,19.0,19.0, ,20,Andy Thoma,"Thoma, Andy",2.0, , , ,, ,Washington,2015,11, ,Washington,2015,3
6,6,2,Sr, , ,1, , , ,,, , , , ,5,21.0,21.0,1,4,Anthony Manning,"Manning, Anthony",12.0,3,3, ,, ,Saint Louis,2015,13, ,Saint Louis,2015,1
7,7,3,Jr, , ,1, , , ,,, , , , , ,18.0,18.0, ,4,Axel Sjoberg,"Sjoberg, Axel",3.0, , , ,, ,Marquette,2015,15, ,Marquette,2015,1
8,8, ,Sr, , ,1,1, , ,,, , , , , ,22.0,22.0, ,4,Boyd Okwuonu,"Okwuonu, Boyd",0.0, , , ,, ,North Carolina,2015, , ,North Carolina,2015,2
9,9,6,Sr, , ,1, , , ,,, , , , ,6,25.0,25.0,1,11,Cameron Iwasa,"Iwasa, Cameron",18.0, , , ,, ,UC Irvine,2015,81, ,UC Irvine,2015,2
10,10,4,Sr, , ,1, , , ,,, , , , ,15,17.0,17.0,4,13,Cameron Porter,"Porter, Cameron",34.0,6,6, ,, ,Princeton,2015,79, ,Princeton,2015, 
11,11,4,Sr, , ,1, , , ,,, , , , ,8,20.0,19.0,1,10,Christian Volesky,"Volesky, Christian",20.0, ,2, ,, ,SIUE,2015,66, ,SIUE,2015,6
12,12,6,Sr, , ,1, , , ,,, , , , ,7,21.0,21.0,4,10,Connor Brandt,"Brandt, Connor",20.0,2,4, ,, ,San Diego,2015,50, ,San Diego,2015,4
13,13,12,Sr, , ,1, , , ,,, , , , ,9,19.0,19.0,3,22,Connor Hallisey,"Hallisey, Connor",30.0, , , ,, ,California,2015,52, ,California,2015,1
14,14,1,Sr, , ,1, , , ,,, , , , ,5,17.0,17.0,1,4,Craig Nitti,"Nitti, Craig",11.0,3,3, ,, ,Loyola Marymount,2015,18, ,Loyola Marymount,2015,1
15,15,2,So, , ,1, , , ,,, , , , ,3,19.0,17.0,2,10,Cristian Roldan,"Roldan, Cristian",8.0, , ,1,, ,Washington,2015,57, ,Washington,2015,2
16,16,2,Sr, , ,1, , , ,,, , , , ,3,22.0,22.0, ,7,Dan Metzger,"Metzger, Dan",8.0,1,1, ,, ,Maryland,2015,24, ,Maryland,2015,2
17,17,2,Sr, , ,1, , , ,,, , , , ,1,22.0,22.0, ,20,Daniel Keller,"Keller, Daniel",4.0, , , ,, ,Louisville,2015,8, ,Louisville,2015,1
18,18,4,Sr, , ,1, , , ,,, , , , ,8,18.0,16.0,3,14,Dominique Badji,"Badji, Dominique",20.0,1,1, ,, ,Boston U.,2015,59, ,Boston U.,2015,1
19,19, ,Sr, , ,1, ,4,13,23.0,0.906, ,24,24,"137,136", ,24.0,24.0, ,1,Earl Edwards,"Edwards, Earl",0.0, , , ,0.753,70,UCLA,2015, ,8,UCLA,2015, 
20,20,5,Sr, , ,1,1, , ,,, , , , ,11,18.0,18.0,4,10,Ignacio Maganto,"Maganto, Ignacio",27.0,4,4, ,, ,Iona,2015,89, ,Iona,2015,6
21,21,5,Sr, , ,1, , , ,,, , , , ,4,18.0,18.0, ,7,James Rogers,"Rogers, James",13.0,2,2, ,, ,New Mexico,2015,42, ,New Mexico,2015,2
22,22,6,Sr, , ,1, , , ,,, , , , ,8,23.0,23.0,4,17,Kay Banjo,"Banjo, Kay",22.0, , , ,, ,UMBC,2015,76, ,UMBC,2015,3
23,23,12,Sr, , ,1, , , ,,, , , , ,10,20.0,20.0,2,14,Khiry Shelton,"Shelton, Khiry",32.0, ,1, ,, ,Oregon St.,2015,62, ,Oregon St.,2015,1
24,24,4,Sr, , ,1, , , ,,, , , , ,6,21.0,21.0,4,6,Kingsley Bryce,"Bryce, Kingsley",16.0, , , ,, ,Saint Louis,2015,35, ,Saint Louis,2015, 
25,25,6,Sr, , ,1, , , ,,, , , , ,3,22.0,5.0,1,8,Manolo Sanchez,"Sanchez, Manolo",12.0, , , ,, ,Clemson,2015,37, ,Clemson,2015, 
26,26,2,Sr, , ,1, , , ,,, , , , ,7,24.0,22.0,3,7,Marc Fenelus,"Fenelus, Marc",16.0, , , ,, ,Cal St. Fullerton,2015,45, ,Cal St. Fullerton,2015,3
27,27,2,Sr, , ,1, , , ,,, , , , ,3,21.0,21.0, ,4,Matt Polster,"Polster, Matt",8.0, ,1, ,, ,SIUE,2015,19, ,SIUE,2015,3
28,28,3,Sr, , ,1,2, , ,,, , , , ,4,18.0,18.0,1,9,Miguel Aguilar,"Aguilar, Miguel",11.0,1,1, ,, ,San Francisco,2015,40, ,San Francisco,2015,2
29,29,2,Sr, , ,1, , , ,,, , , , ,1,21.0,21.0,1,8,Nick Besler,"Besler, Nick",4.0, , , ,, ,Notre Dame,2015,15, ,Notre Dame,2015, 
30,30, ,Sr, , ,1,1, , ,,, , , , ,1,19.0,19.0, ,23,Nikola Paunic,"Paunic, Nikola",2.0, , ,1,, ,South Fla.,2015,9, ,South Fla.,2015,1
31,31,1,Sr, , ,1, , , ,,, , , , ,3,17.0,16.0,3,10,Oniel Fisher,"Fisher, Oniel",7.0, , , ,, ,New Mexico,2015,18, ,New Mexico,2015,4
32,32,4,Sr, , ,1, , , ,,, , , , ,2,15.0,14.0, ,3,Otis Earle,"Earle, Otis",8.0,1,2,1,, ,UC Riverside,2015,9, ,UC Riverside,2015,1
33,33,1,Sr, , ,1,1, , ,,, , , , ,3,23.0,23.0, ,18,Oumar Ballo,"Ballo, Oumar",7.0, , , ,, ,UMBC,2015,13, ,UMBC,2015,4
34,34,8,Sr, , ,1,1, , ,,, , , , ,5,22.0,22.0,1,16,Rob Lovejoy,"Lovejoy, Rob",18.0, , , ,, ,North Carolina,2015,38, ,North Carolina,2015, 
35,35,3,Jr, , ,1,9, , ,,, , , , ,7,17.0,15.0,1,7,Romario Williams,"Williams, Romario",17.0,3,3,1,, ,UCF,2015,70, ,UCF,2015,1
36,36,6,Sr, , ,1,3, , ,,, , , , ,2,21.0,21.0,1,3,Saad Abdul-Salaam,"Abdul-Salaam, Saad",10.0, , , ,, ,Akron,2015,17, ,Akron,2015,1
37,37, ,Sr, , ,1, , , ,,, , , , ,11,19.0,18.0,5,18,Sagi Lev-Ari,"Lev-Ari, Sagi",22.0,2,3, ,, ,CSUN,2015,48, ,CSUN,2015,1
38,38,3,Sr, , ,1,2, , ,,, , , , ,8,17.0,15.0,3,13,Salvador Bernal,"Bernal, Salvador",19.0,3,4, ,, ,UNLV,2015,43, ,UNLV,2015, 
39,39,1,Sr, , ,1, , , ,,, , , , , ,19.0,19.0, ,4,Sergio Campbell,"Campbell, Sergio",1.0, , , ,, ,UConn,2015,10, ,UConn,2015, 
40,40,7,Sr, , ,1, , , ,,, , , , ,1,19.0,19.0, ,10,Seth Casiple,"Casiple, Seth",9.0,1,1, ,, ,California,2015,17, ,California,2015,2
41,41,4,Sr, , ,1, , , ,,, , , , ,1,21.0,21.0, ,13,Shawn McLaws,"McLaws, Shawn",6.0,1,1, ,, ,Coastal Caro.,2015,13, ,Coastal Caro.,2015,2
42,42, ,Sr, , ,1, , , ,,, , , , ,9,19.0,10.0,4,9,Sidney Rivera,"Rivera, Sidney",18.0,3,3, ,, ,Old Dominion,2015,47, ,Old Dominion,2015,1
43,43, ,Sr, , ,1, , , ,,, , , , ,3,19.0,19.0,2,3,Skylar Thomas,"Thomas, Skylar",6.0, , ,1,, ,Syracuse,2015,9, ,Syracuse,2015,4
44,44, ,, , ,1, ,5,9,22.0,1.242, ,17,17,1594:17, ,17.0,17.0, ,1,Spencer Richey,"Richey, Spencer",0.0, , , ,0.758,69,Washington,2015, ,4,Washington,2015, 
45,45,5,Sr, , ,1, , , ,,, , , , ,12,17.0,15.0,1,25,Stefano Bonomo,"Bonomo, Stefano",29.0, , , ,, ,California,2015,41, ,California,2015,5
46,46,1,Sr, , ,1,2, , ,,, , , , ,1,17.0,17.0, ,18,Tim Parker,"Parker, Tim",3.0, , ,1,, ,St. John's (NY),2015,15, ,St. John's (NY),2015,1
47,47, ,Sr, , ,1, ,4,14,15.0,0.611, ,23,23,2208:04, ,23.0,23.0, ,1,Tomas Gomez,"Gomez, Tomas",0.0, , , ,0.7829999999999999,54,Georgetown,2015, ,10,Georgetown,2015, 
48,48,6,Sr, , ,1,1, , ,,, , , , , ,20.0,20.0, ,20,Wesley Charpie,"Charpie, Wesley",6.0, , , ,, ,South Fla.,2015,31, ,South Fla.,2015, 
49,49,4,Sr, , ,1, , , ,,, , , , ,2,19.0,19.0,1,5,Will Seymore,"Seymore, Will",8.0,1,1, ,, ,Oregon St.,2015,11, ,Oregon St.,2015,4
50,50,2,Sr, , ,1, , , ,,, , , , , ,14.0,14.0, ,10,Zach Steinberger,"Steinberger, Zach",2.0, , , ,, ,Butler,2015,28, ,Butler,2015,1
51,51,3,Sr, , ,1,2, , ,,, , , , ,1,16.0,16.0, ,7,Tyler Arnone,"Arnone, Tyler",5.0, ,1, ,, ,Michigan,2015,33, ,Michigan,2015,2
52,52,3,Sr, , ,1,1, , ,,, , , , ,3,18.0,18.0, ,20,Laurie Bell,"Bell, Laurie",9.0,1,2, ,, ,Milwaukee,2015,70, ,Milwaukee,2015,2
53,53,1,Sr, , ,1, , , ,,, , , , ,2,18.0,18.0, ,5,Ramon Martin Del Campo,"Martin Del Campo, Ramon",5.0,2,3,2,, ,UC Davis,2015,18, ,UC Davis,2015,6
54,54,6,Sr, , ,1, , , ,,, , , , ,7,17.0,17.0,2,13,Duke Lacroix,"Lacroix, Duke",20.0,1,1, ,, ,Penn,2015,57, ,Penn,2015, 
55,55,6,Sr, , ,1, , , ,,, , , , ,8,23.0,19.0,4,7,Ricky Garbanzo,"Garbanzo, Ricky",22.0,1,2, ,, ,Coastal Caro.,2015,71, ,Coastal Caro.,2015,3
56,56,8,Sr, , ,1, , , ,,, , , , ,6,23.0,23.0,5,9,Fabio Machado,"Machado, Fabio",20.0, , , ,, ,Providence,2015,50, ,Providence,2015,1
57,57,5,Sr, , ,1, , , ,,, , , , , ,21.0,21.0, ,22,Luke Mishu,"Mishu, Luke",5.0, , , ,, ,Notre Dame,2015,5, ,Notre Dame,2015, 
58,58, ,Sr, , ,1, ,4,15,16.0,0.742, ,21,21,1940:38, ,21.0,21.0, ,0,Eric Osswald,"Osswald, Eric",0.0, , , ,0.789,60,Xavier,2015, ,11,Xavier,2015, 
59,59,3,Sr, , ,1, , , ,,, , , , , ,22.0,22.0, ,8,Jose Ribas,"Ribas, Jose",3.0, , , ,, ,Creighton,2015,4, ,Creighton,2015,4
60,60,4,Sr, , ,1, , , ,,, , , , ,2,24.0,17.0, ,20,Andrew Tusaazemajja,"Tusaazemajja, Andrew",8.0, , , ,, ,UCLA,2015,12, ,UCLA,2015,1
0,0,7.0,Sr,,,1,,,,,,,,,,4.0,18.0,18.0,1.0,9,Alex Morrell,"Morrell, Alex",15.0,,,,,,North Florida,2016,34.0,,North Florida,2016,2.0
1,1,1.0,Jr,,,1,,3.0,17.0,22.0,0.882,,24.0,24.0,"134,662",,24.0,24.0,,22,Andrew Tarbell,"Tarbell, Andrew",1.0,,,,0.792,84.0,Clemson,2016,,9.0,Clemson,2016,
2,2,,Sr,,,1,,,,,,,,,,1.0,16.0,16.0,1.0,14,Antonio Matarazzo,"Matarazzo, Antonio",2.0,,,,,,Columbia,2016,22.0,,Columbia,2016,1.0
3,3,4.0,Jr,,,1,,,,,,,,,,12.0,23.0,22.0,5.0,7,Ben Polk,"Polk, Ben",28.0,,,,,,Syracuse,2016,65.0,,Syracuse,2016,
4,4,2.0,Sr,5.0,,1,,,,,,,,,,6.0,23.0,23.0,,3,Brandon Vincent,"Vincent, Brandon",14.0,,6.0,,,,Stanford,2016,27.0,,Stanford,2016,2.0
5,5,6.0,Sr,1.0,,1,,,,,,,,,,7.0,21.0,21.0,2.0,10,Chase Minter,"Minter, Chase",20.0,,2.0,,,,Cal Poly,2016,50.0,,Cal Poly,2016,3.0
6,6,1.0,Sr,,,1,,,,,,,,,,2.0,21.0,21.0,1.0,14,Cole Seiler,"Seiler, Cole",5.0,,,,,,Georgetown,2016,13.0,,Georgetown,2016,1.0
7,7,6.0,Sr,1.0,,1,1.0,,,,,,,,,7.0,18.0,18.0,2.0,23,Colin Bonner,"Bonner, Colin",20.0,,1.0,,,,UNCW,2016,43.0,,UNCW,2016,1.0
8,8,,Sr,,,1,,4.0,19.0,19.0,0.821,,23.0,23.0,"124,990",,23.0,23.0,,0,Connor Sparrow,"Sparrow, Connor",0.0,,,,0.736,53.0,Creighton,2016,,9.0,Creighton,2016,
9,9,3.0,Sr,2.0,,1,,,,,,,,,,6.0,13.0,11.0,3.0,21,Darius Madison,"Madison, Darius",15.0,,2.0,1.0,,,UMBC,2016,45.0,,UMBC,2016,5.0
10,10,,Sr,,,1,,,,,,,,,,3.0,21.0,21.0,1.0,3,Dennis Castillo,"Castillo, Dennis",6.0,,,,,,VCU,2016,20.0,,VCU,2016,4.0
11,11,6.0,Sr,2.0,,1,1.0,,,,,,,,,5.0,19.0,18.0,3.0,3,Emmanuel Appiah,"Appiah, Emmanuel",16.0,,2.0,,,,Cincinnati,2016,44.0,,Cincinnati,2016,
12,12,13.0,Sr,,,1,,,,,,,,,,2.0,23.0,23.0,1.0,15,Eric Verso,"Verso, Eric",17.0,,,,,,Stanford,2016,44.0,,Stanford,2016,3.0
13,13,17.0,Jr,4.0,,1,,,,,,,,,,15.0,23.0,23.0,5.0,14,Fabian Herbers,"Herbers, Fabian",47.0,,4.0,,,,Creighton,2016,94.0,,Creighton,2016,5.0
14,14,5.0,Sr,3.0,,1,3.0,,,,,,,,,8.0,21.0,21.0,3.0,4,Femi Hollinger-Janzen,"Hollinger-Janzen, Femi",21.0,,4.0,,,,Indiana,2016,76.0,,Indiana,2016,
15,15,3.0,Sr,,,1,7.0,,,,,,,,,10.0,17.0,17.0,1.0,7,Hadji Barry,"Barry, Hadji",23.0,,,,,,UCF,2016,39.0,,UCF,2016,2.0
16,16,1.0,Sr,,,1,3.0,,,,,,,,,1.0,22.0,22.0,,4,Ivan Magalhaes,"Magalhaes, Ivan",3.0,,,1.0,,,Maryland,2016,15.0,,Maryland,2016,4.0
17,17,,Sr,3.0,,1,,,,,,,,,,3.0,6.0,6.0,3.0,15,James Moberg,"Moberg, James",6.0,,3.0,,,,Washington,2016,14.0,,Washington,2016,1.0
18,18,4.0,Sr,,,1,,,,,,,,,,1.0,20.0,20.0,,2,Jonathan Campbell,"Campbell, Jonathan",6.0,,,,,,North Carolina,2016,13.0,,North Carolina,2016,2.0
19,19,5.0,Sr,,,1,,,,,,,,,,,20.0,20.0,,9,Jordan McCrary,"McCrary, Jordan",5.0,,,,,,North Carolina,2016,4.0,,North Carolina,2016,2.0
20,20,1.0,Sr,,,1,,,,,,,,,,,18.0,18.0,,11,Josh Turnley,"Turnley, Josh",1.0,,,,,,Georgetown,2016,13.0,,Georgetown,2016,
21,21,1.0,Jr,,,1,,,,,,,,,,,17.0,17.0,,5,Joshua Yaro,"Yaro, Joshua",1.0,,,,,,Georgetown,2016,1.0,,Georgetown,2016,1.0
22,22,11.0,So,1.0,,1,1.0,,,,,,,,,8.0,25.0,25.0,1.0,10,Julian Buescher,"Buescher, Julian",27.0,,1.0,,,,Syracuse,2016,64.0,,Syracuse,2016,4.0
23,23,3.0,Sr,,,1,,,,,,,,,,1.0,16.0,16.0,,3,Justin Bilyeu,"Bilyeu, Justin",5.0,,1.0,,,,SIUE,2016,9.0,,SIUE,2016,
24,24,6.0,Sr,,,1,,,,,,,,,,2.0,21.0,21.0,1.0,12,Keegan Rosenberry,"Rosenberry, Keegan",10.0,,,,,,Georgetown,2016,32.0,,Georgetown,2016,
25,25,3.0,Sr,2.0,,1,2.0,,,,,,,,,7.0,18.0,18.0,2.0,9,Keegan Smith,"Smith, Keegan",17.0,,2.0,,,,San Diego,2016,52.0,,San Diego,2016,1.0
26,26,1.0,Sr,,,1,,,,,,,,,,1.0,20.0,20.0,,2,Kyle Fisher,"Fisher, Kyle",3.0,,,,,,Clemson,2016,18.0,,Clemson,2016,1.0
27,27,3.0,Sr,2.0,,1,,,,,,,,,,12.0,20.0,20.0,5.0,22,Kyle Parker,"Parker, Kyle",27.0,,3.0,,,,Charlotte,2016,67.0,,Charlotte,2016,1.0
28,28,6.0,Sr,2.0,,1,4.0,,,,,,,,,2.0,23.0,23.0,1.0,5,Liam Doyle,"Doyle, Liam",10.0,,4.0,,,,Ohio St.,2016,37.0,,Ohio St.,2016,4.0
29,29,5.0,Sr,,,1,,,,,,,,,,3.0,21.0,21.0,2.0,6,Max Lachowecki,"Lachowecki, Max",11.0,,,,,,Notre Dame,2016,19.0,,Notre Dame,2016,2.0
30,30,2.0,Sr,1.0,,1,,,,,,,,,,6.0,14.0,11.0,3.0,10,Michael Gamble,"Gamble, Michael",14.0,,1.0,,,,Wake Forest,2016,36.0,,Wake Forest,2016,2.0
31,31,3.0,Sr,,,1,3.0,,,,,,,,,6.0,19.0,18.0,2.0,17,Michael Salazar,"Salazar, Michael",15.0,,,,,,UC Riverside,2016,40.0,,UC Riverside,2016,1.0
32,32,6.0,Sr,,,1,2.0,,,,,,,,,,21.0,21.0,,14,Mitch Lurie,"Lurie, Mitch",6.0,,,,,,Rutgers,2016,7.0,,Rutgers,2016,2.0
33,33,5.0,Sr,1.0,,1,1.0,,,,,,,,,5.0,20.0,20.0,2.0,5,Mitchell Taintor,"Taintor, Mitchell",15.0,,1.0,,,,Rutgers,2016,56.0,,Rutgers,2016,6.0
34,34,5.0,Sr,3.0,,1,,,,,,,,,,13.0,18.0,16.0,7.0,15,Neco Brett,"Brett, Neco",31.0,,3.0,1.0,,,Robert Morris,2016,71.0,,Robert Morris,2016,3.0
35,35,1.0,Jr,,,1,,,,,,,,,,1.0,17.0,16.0,,14,Omar Holness,"Holness, Omar",3.0,,,,,,North Carolina,2016,40.0,,North Carolina,2016,3.0
36,36,6.0,Sr,,,1,,,,,,,,,,3.0,21.0,21.0,,27,Patrick Hodan,"Hodan, Patrick",12.0,,,,,,Notre Dame,2016,63.0,,Notre Dame,2016,1.0
37,37,1.0,Sr,,,1,,,,,,,,,,2.0,24.0,24.0,,6,Paul Clowes,"Clowes, Paul",5.0,,,,,,Clemson,2016,13.0,,Clemson,2016,5.0
38,38,7.0,So,,,1,,,,,,,,,,11.0,22.0,22.0,3.0,6,Richie Laryea,"Laryea, Richie",29.0,,,,,,Akron,2016,61.0,,Akron,2016,6.0
39,39,3.0,Sr,,,1,,,,,,,,,,,13.0,12.0,,6,Rodrigo Saravia,"Saravia, Rodrigo",3.0,,,,,,FGCU,2016,6.0,,FGCU,2016,5.0
40,40,,Sr,,,1,,4.0,7.0,12.0,0.631,,18.0,18.0,"102,702",,18.0,18.0,,1,Ryan Herman,"Herman, Ryan",0.0,,,,0.8759999999999999,85.0,Washington,2016,,10.0,Washington,2016,
41,41,5.0,Sr,,,1,1.0,,,,,,,,,4.0,19.0,19.0,1.0,7,Ryan James,"James, Ryan",13.0,,,,,,Bowling Green,2016,33.0,,Bowling Green,2016,1.0
42,42,,Sr,,,1,,,,,,,,,,,12.0,11.0,,3,Taylor Washington,"Washington, Taylor",0.0,,,,,,George Mason,2016,4.0,,George Mason,2016,
43,43,5.0,Sr,,,1,,,,,,,,,,13.0,17.0,17.0,5.0,22,Thomas Sanner,"Sanner, Thomas",31.0,,,,,,Princeton,2016,69.0,,Princeton,2016,
44,44,5.0,Sr,,,1,,,,,,,,,,10.0,23.0,23.0,5.0,18,Timo Pitter,"Pitter, Timo",25.0,,,,,,Creighton,2016,73.0,,Creighton,2016,2.0
45,45,4.0,Sr,2.0,,1,,,,,,,,,,10.0,24.0,21.0,6.0,10,T.J. Casner,"Casner, T.J.",24.0,,2.0,,,,Clemson,2016,53.0,,Clemson,2016,
46,46,6.0,Sr,,,1,,,,,,,,,,5.0,23.0,23.0,2.0,31,Tsubasa Endoh,"Endoh, Tsubasa",16.0,,,,,,Maryland,2016,68.0,,Maryland,2016,
47,47,,Sr,1.0,,1,1.0,,,,,,,,,1.0,17.0,17.0,,5,Tyler David,"David, Tyler",2.0,,1.0,,,,Saint Louis,2016,8.0,,Saint Louis,2016,1.0
48,48,3.0,Sr,,,1,,,,,,,,,,,20.0,20.0,,7,Ty Thompson,"Thompson, Ty",3.0,,,,,,Stanford,2016,23.0,,Stanford,2016,4.0
49,49,4.0,Sr,,,1,1.0,,,,,,,,,11.0,17.0,15.0,4.0,15,Vincent Mitchell,"Mitchell, Vincent",26.0,,,,,,Butler,2016,40.0,,Butler,2016,
50,50,,Sr,,,1,,5.0,11.0,24.0,1.0759999999999998,,21.0,21.0,"120,469",,21.0,21.0,,1,Wade Hamilton,"Hamilton, Wade",0.0,,,,0.742,69.0,Cal Poly,2016,,8.0,Cal Poly,2016,
51,51,2.0,Sr,1.0,,1,1.0,,,,,,,,,2.0,17.0,16.0,2.0,5,Zach Carroll,"Carroll, Zach",6.0,,2.0,,,,Michigan St.,2016,10.0,,Michigan St.,2016,4.0
52,52,8.0,Sr,2.0,,1,27.0,,,,,,,,,8.0,19.0,17.0,2.0,15,Zach Mathers,"Mathers, Zach",24.0,,2.0,,,,Duke,2016,64.0,,Duke,2016,4.0
53,53,2.0,Sr,,,1,,,,,,,,,,,23.0,23.0,,8,Duncan Backus,"Backus, Duncan",2.0,,,,,,UC Santa Barbara,2016,6.0,,UC Santa Barbara,2016,4.0
54,54,4.0,Sr,,,1,,,,,,,,,,1.0,18.0,18.0,1.0,10,Mikhail Doholis,"Doholis, Mikhail",6.0,,,,,,Oregon St.,2016,25.0,,Oregon St.,2016,4.0
55,55,,Sr,,,1,,5.0,12.0,13.0,0.66,,19.0,19.0,"106,343",,19.0,19.0,,1,Callum Irving,"Irving, Callum",0.0,,,,0.8059999999999999,54.0,Kentucky,2016,,9.0,Kentucky,2016,
56,56,,Sr,,,1,,3.0,8.0,13.0,0.7020000000000001,,18.0,18.0,"100,063",,18.0,18.0,,1,Sven Lissek,"Lissek, Sven",0.0,,,,0.7290000000000001,35.0,Furman,2016,,7.0,Furman,2016,2.0
57,57,9.0,Sr,2.0,,1,,,,,,,,,,10.0,22.0,22.0,5.0,19,Jamie Luchini,"Luchini, Jamie",29.0,,2.0,,,,Lehigh,2016,96.0,,Lehigh,2016,1.0
58,58,3.0,Sr,1.0,,1,4.0,,,,,,,,,1.0,18.0,18.0,,7,Todd Wharton,"Wharton, Todd",5.0,,2.0,,,,Virginia,2016,18.0,,Virginia,2016,3.0
59,59,1.0,Sr,,,1,,,,,,,,,,2.0,21.0,21.0,,3,Connor Klekota,"Klekota, Connor",5.0,,,,,,Notre Dame,2016,17.0,,Notre Dame,2016,2.0
60,60,2.0,Sr,,,1,2.0,,,,,,,,,7.0,19.0,14.0,1.0,10,Norberto Ochoa,"Ochoa, Norberto",16.0,,,,,,UC Riverside,2016,50.0,,UC Riverside,2016,3.0
61,61,1.0,Sr,,,1,2.0,,,,,,,,,,21.0,21.0,,8,Miguel Salazar,"Salazar, Miguel",1.0,,,,,,Elon,2016,24.0,,Elon,2016,3.0
0,0,4.0,Sr,,,1,,,,,,,,,,3.0,22.0,22.0,2.0,11,Aaron Jones,"Jones, Aaron",10.0,,,,,,Clemson,2017,29.0,,Clemson,2017,3.0
1,1,2.0,Jr,,,1,,,,,,,,,,7.0,11.0,8.0,2.0,9,Abu Danladi,"Danladi, Abu",16.0,,,,,,UCLA,2017,39.0,,UCLA,2017,2.0
2,2,3.0,Sr,,,1,,,,,,,,,,1.0,14.0,14.0,,10,Andrew Wheeler-Omiunu,"Wheeler-Omiunu, Andrew",5.0,,,,,,Harvard,2017,9.0,,Harvard,2017,1.0
3,3,1.0,Sr,3.0,,1,2.0,,,,,,,,,9.0,21.0,21.0,3.0,10,Brandon Aubrey,"Aubrey, Brandon",19.0,,3.0,,,,Notre Dame,2017,32.0,,Notre Dame,2017,2.0
4,4,5.0,Sr,6.0,,1,,,,,,,,,,9.0,18.0,18.0,4.0,10,Brandt Bronico,"Bronico, Brandt",23.0,,7.0,,,,Charlotte,2017,49.0,,Charlotte,2017,
5,5,2.0,Sr,,,1,,,,,,,,,,,22.0,22.0,,8,Brian Nana-Sinkam,"Nana-Sinkam, Brian",2.0,,,,,,Stanford,2017,3.0,,Stanford,2017,6.0
6,6,12.0,Sr,,,1,,,,,,,,,,14.0,22.0,22.0,6.0,7,Brian Wright,"Wright, Brian",40.0,,,,,,Vermont,2017,75.0,,Vermont,2017,1.0
7,7,1.0,Sr,2.0,,1,,,,,,,,,,7.0,20.0,19.0,5.0,17,Chris Nanco,"Nanco, Chris",15.0,,2.0,,,,Syracuse,2017,54.0,,Syracuse,2017,
8,8,6.0,Sr,,,1,,,,,,,,,,1.0,20.0,20.0,,28,Chris Odoi-Atsem,"Odoi-Atsem, Chris",8.0,,,,,,Maryland,2017,5.0,,Maryland,2017,
9,9,8.0,Sr,3.0,,1,,,,,,,,,,4.0,19.0,18.0,3.0,10,Christopher Wingate,"Wingate, Christopher",16.0,,3.0,,,,New Hampshire,2017,32.0,,New Hampshire,2017,2.0
10,10,1.0,Sr,1.0,,1,,,,,,,,,,9.0,16.0,16.0,3.0,6,Christian Thierjung,"Thierjung, Christian",19.0,,2.0,1.0,,,California,2017,47.0,,California,2017,3.0
11,11,3.0,Sr,,,1,1.0,,,,,,,,,,21.0,21.0,,6,Colton Storm,"Storm, Colton",3.0,,,,,,North Carolina,2017,5.0,,North Carolina,2017,2.0
12,12,5.0,Sr,1.0,,1,,,,,,,,,,8.0,17.0,17.0,2.0,5,Connor Maloney,"Maloney, Connor",21.0,,4.0,,,,Penn St.,2017,60.0,,Penn St.,2017,1.0
13,13,5.0,Sr,,,1,,,,,,,,,,2.0,22.0,22.0,,14,Daniel Johnson,"Johnson, Daniel",9.0,,,,,,Louisville,2017,30.0,,Louisville,2017,
14,14,,Sr,,,1,,,,,,,,,,,14.0,14.0,,5,Danilo Radjen,"Radjen, Danilo",0.0,,,,,,Akron,2017,,,Akron,2017,1.0
15,15,,Sr,,,1,,4.0,5.0,10.0,0.8740000000000001,,11.0,11.0,1030:00,,11.0,11.0,,1,Eric Klenofsky,"Klenofsky, Eric",0.0,,,,0.841,53.0,Monmouth,2017,,4.0,Monmouth,2017,
16,16,,Sr,4.0,,1,,,,,,,,,,10.0,16.0,15.0,4.0,14,Ethan Kutler,"Kutler, Ethan",20.0,,4.0,,,,Colgate,2017,53.0,,Colgate,2017,2.0
17,17,1.0,Sr,,,1,,,,,,,,,,3.0,20.0,20.0,1.0,8,Francis de Vires,"de Vires, Francis",7.0,,1.0,,,,Saint Francis (PA),2017,24.0,,Saint Francis (PA),2017,3.0
18,18,8.0,Sr,,,1,1.0,,,,,,,,,12.0,19.0,19.0,2.0,9,Guillermo Delgado,"Delgado, Guillermo",32.0,,,,,,Delaware,2017,56.0,,Delaware,2017,5.0
19,19,1.0,Sr,1.0,,1,,,,,,,,,,2.0,16.0,16.0,,6,Jack Elliott,"Elliott, Jack",5.0,,1.0,,,,West Virginia,2017,19.0,,West Virginia,2017,1.0
20,20,11.0,So,1.0,,1,,,,,,,,,,2.0,20.0,16.0,1.0,15,Jackson Yueill,"Yueill, Jackson",15.0,,1.0,,,,UCLA,2017,36.0,,UCLA,2017,1.0
21,21,3.0,Sr,,,1,2.0,,,,,,,,,9.0,25.0,25.0,5.0,8,Jacori Hayes,"Hayes, Jacori",21.0,,,,,,Wake Forest,2017,60.0,,Wake Forest,2017,2.0
22,22,,Sr,,,1,,5.0,10.0,23.0,1.086,,20.0,20.0,1905:30,,20.0,20.0,,1,Jake McGuire,"McGuire, Jake",0.0,,,,0.733,63.0,Tulsa,2017,,6.0,Tulsa,2017,
23,23,4.0,Sr,,,1,,,,,,,,,,2.0,19.0,19.0,1.0,15,Jakob Nerwinski,"Nerwinski, Jakob",8.0,,,,,,UConn,2017,12.0,,UConn,2017,3.0
24,24,3.0,Sr,1.0,,1,1.0,,,,,,,,,6.0,19.0,19.0,1.0,6,Jalen Brown,"Brown, Jalen",15.0,,1.0,,,,Xavier,2017,46.0,,Xavier,2017,1.0
25,25,,Sr,,,1,,,,,,,,,,,20.0,20.0,,4,Jo Vetle Rimstad,"Vetle Rimstad, Jo",0.0,,,,,,Radford,2017,9.0,,Radford,2017,2.0
26,26,8.0,Sr,,,1,,,,,,,,,,3.0,18.0,17.0,1.0,10,Joseph Holland,"Holland, Joseph",14.0,,,,,,Hofstra,2017,48.0,,Hofstra,2017,1.0
27,27,12.0,Fr,,,1,,,,,,,,,,2.0,22.0,20.0,1.0,11,Jonathan Lewis,"Lewis, Jonathan",16.0,,,,,,Akron,2017,44.0,,Akron,2017,3.0
28,28,3.0,Sr,2.0,,1,,,,,,,,,,14.0,18.0,18.0,7.0,9,Jorge Gomez Sanchez,"Gomez Sanchez, Jorge",31.0,,4.0,,,,Temple,2017,101.0,,Temple,2017,3.0
29,29,6.0,Sr,3.0,,1,2.0,,,,,,,,,15.0,22.0,22.0,5.0,24,Julian Gressel,"Gressel, Julian",36.0,,4.0,,,,Providence,2017,92.0,,Providence,2017,3.0
30,30,2.0,Sr,,,1,3.0,,,,,,,,,3.0,20.0,19.0,1.0,17,Justin Schmidt,"Schmidt, Justin",8.0,,,,,,Washington,2017,11.0,,Washington,2017,1.0
31,31,7.0,Sr,,,1,1.0,,,,,,,,,2.0,19.0,19.0,,7,Kwame Awuah,"Awuah, Kwame",11.0,,1.0,,,,UConn,2017,36.0,,UConn,2017,2.0
32,32,1.0,Sr,,,1,,,,,,,,,,1.0,19.0,19.0,,6,Kyle Bjornethun,"Bjornethun, Kyle",3.0,,,,,,Seattle U,2017,19.0,,Seattle U,2017,
33,33,,Sr,,,1,,,,,,,,,,1.0,19.0,19.0,,4,Lalas Abubakar,"Abubakar, Lalas",2.0,,,1.0,,,Dayton,2017,17.0,,Dayton,2017,4.0
34,34,5.0,Sr,,,1,3.0,,,,,,,,,4.0,14.0,12.0,,10,Lindo Mfeka,"Mfeka, Lindo",13.0,,,1.0,,,South Fla.,2017,32.0,,South Fla.,2017,1.0
35,35,3.0,Sr,,,1,1.0,,,,,,,,,3.0,14.0,6.0,2.0,15,Marcus Epps,"Epps, Marcus",9.0,,,,,,South Fla.,2017,25.0,,South Fla.,2017,1.0
36,36,2.0,Sr,,,1,,,,,,,,,,3.0,18.0,18.0,2.0,14,Matej Dekovic,"Dekovic, Matej",8.0,,,,,,Charlotte,2017,13.0,,Charlotte,2017,3.0
37,37,,Sr,,,1,,,,,,,,,,,18.0,18.0,,2,Michael DeGraffenreidt,"DeGraffenreidt, Michael",0.0,,,,,,Louisville,2017,4.0,,Louisville,2017,4.0
38,38,1.0,So,,,1,,,,,,,,,,4.0,17.0,17.0,,19,Miles Robinson,"Robinson, Miles",9.0,,,1.0,,,Syracuse,2017,13.0,,Syracuse,2017,
39,39,4.0,Sr,,,1,,,,,,,,,,8.0,19.0,19.0,3.0,7,Napo Matsoso,"Matsoso, Napo",20.0,,1.0,,,,Kentucky,2017,43.0,,Kentucky,2017,6.0
40,40,3.0,Sr,1.0,,1,2.0,,,,,,,,,6.0,18.0,17.0,4.0,9,Nazeem Bartman,"Bartman, Nazeem",15.0,,1.0,1.0,,,South Fla.,2017,43.0,,South Fla.,2017,5.0
41,41,2.0,Sr,,,1,3.0,,,,,,,,,6.0,20.0,20.0,2.0,6,Nick DePuy,"DePuy, Nick",14.0,,,,,,UC Santa Barbara,2017,63.0,,UC Santa Barbara,2017,2.0
42,42,3.0,Sr,,,1,4.0,,,,,,,,,13.0,21.0,21.0,7.0,11,Niko Hansen,"Hansen, Niko",29.0,,,,,,New Mexico,2017,57.0,,New Mexico,2017,
43,43,5.0,Sr,,,1,4.0,,,,,,,,,,24.0,23.0,,4,Reagan Dunk,"Dunk, Reagan",5.0,,,,,,Denver,2017,8.0,,Denver,2017,1.0
44,44,,Sr,,,1,,,,,,,,,,1.0,18.0,18.0,1.0,13,Robby Sagel,"Sagel, Robby",2.0,,,,,,Penn St.,2017,12.0,,Penn St.,2017,1.0
45,45,,Sr,,,1,,8.0,7.0,24.0,1.357,,17.0,17.0,1591:57,,17.0,17.0,,1,Robert Moewes,"Moewes, Robert",0.0,,,,0.736,67.0,Duke,2017,,2.0,Duke,2017,
46,46,9.0,Sr,4.0,,1,,,,,,,,,,14.0,19.0,19.0,4.0,7,Russell Cicerone,"Cicerone, Russell",37.0,,6.0,,,,Buffalo,2017,81.0,,Buffalo,2017,3.0
47,47,9.0,Sr,,,1,24.0,,,,,,,,,,24.0,24.0,,8,Sam Hamilton,"Hamilton, Sam",9.0,,,,,,Denver,2017,10.0,,Denver,2017,2.0
48,48,,Sr,,,1,,6.0,14.0,16.0,0.71,,21.0,22.0,2028:38,,22.0,22.0,,30,Stefan Cleveland,"Cleveland, Stefan",0.0,,,,0.7709999999999999,54.0,Louisville,2017,,10.0,Louisville,2017,
49,49,3.0,Sr,1.0,,1,4.0,,,,,,,,,8.0,21.0,21.0,4.0,10,Tanner Thompson,"Thompson, Tanner",19.0,,2.0,,,,Indiana,2017,60.0,,Indiana,2017,2.0
50,50,4.0,Sr,,,1,,,,,,,,,,4.0,21.0,21.0,1.0,37,Walker Hume,"Hume, Walker",12.0,,,,,,North Carolina,2017,22.0,,North Carolina,2017,
51,51,5.0,Sr,,,1,,,,,,,,,,9.0,14.0,6.0,3.0,10,Wuilito Fernandes,"Fernandes, Wuilito",23.0,,,,,,UMass Lowell,2017,37.0,,UMass Lowell,2017,1.0
52,52,5.0,Sr,,,1,,,,,,,,,,7.0,21.0,20.0,3.0,10,Zeiko Lewis,"Lewis, Zeiko",19.0,,,,,,Boston College,2017,46.0,,Boston College,2017,1.0
53,53,1.0,Sr,,,1,,,,,,,,,,1.0,21.0,21.0,1.0,5,Suli Dainkeh,"Dainkeh, Suli",3.0,,,,,,Maryland,2017,6.0,,Maryland,2017,
54,54,4.0,Sr,,,1,,,,,,,,,,12.0,20.0,20.0,4.0,20,David Goldsmith,"Goldsmith, David",28.0,,,,,,Butler,2017,85.0,,Butler,2017,1.0
55,55,4.0,Sr,,,1,1.0,,,,,,,,,7.0,21.0,13.0,2.0,36,Tucker Hume,"Hume, Tucker",18.0,,,,,,North Carolina,2017,53.0,,North Carolina,2017,
56,56,2.0,Sr,,,1,,,,,,,,,,,6.0,4.0,,7,Iman Mafi,"Mafi, Iman",2.0,,1.0,,,,Clemson,2017,2.0,,Clemson,2017,
57,57,2.0,Sr,,,1,3.0,,,,,,,,,3.0,16.0,15.0,2.0,2,Billy McConnell,"McConnell, Billy",8.0,,,,,,Indiana,2017,7.0,,Indiana,2017,3.0
58,58,6.0,Sr,,,1,1.0,,,,,,,,,2.0,21.0,21.0,2.0,15,Evan Panken,"Panken, Evan",10.0,,,,,,Notre Dame,2017,36.0,,Notre Dame,2017,1.0
59,59,7.0,Sr,1.0,,1,3.0,,,,,,,,,6.0,18.0,14.0,1.0,10,Eddie Sanchez,"Sanchez, Eddie",19.0,,2.0,,,,Portland,2017,37.0,,Portland,2017,5.0
60,60,2.0,Sr,,,1,,,,,,,,,,5.0,20.0,18.0,,7,Felix Vobejda,"Vobejda, Felix",12.0,,,,,,UCLA,2017,22.0,,UCLA,2017,4.0
61,61,3.0,Sr,1.0,,1,1.0,,,,,,,,,8.0,22.0,22.0,2.0,14,Christopher Wehan,"Wehan, Christopher",19.0,,1.0,,,,New Mexico,2017,49.0,,New Mexico,2017,
62,62,1.0,Sr,2.0,,1,,,,,,,,,,3.0,18.0,18.0,2.0,5,Jordan Wilson,"Wilson, Jordan",7.0,,3.0,,,,Kentucky,2017,15.0,,Kentucky,2017,3.0
0,0,2.0,Sr,,0.0,1,0.0,,,,,0.0,,,,0.0,18.0,18.0,0.0,0,Aaron Maund,"Maund, Aaron",2.0,0.0,0.0,0.0,,,Notre Dame,2012,13.0,,Notre Dame,2012,2.0
1,1,5.0,Sr,,0.0,1,0.0,,,,,0.0,,,,8.0,22.0,22.0,5.0,0,Alec Purdie,"Purdie, Alec",21.0,0.0,0.0,0.0,,,Indiana,2012,53.0,,Indiana,2012,1.0
2,2,0.0,Sr,,0.0,1,0.0,,,,,0.0,,,,0.0,24.0,24.0,0.0,0,Andrew Duran,"Duran, Andrew",0.0,0.0,0.0,0.0,,,Creighton,2012,8.0,,Creighton,2012,0.0
3,3,0.0,So,,0.0,1,0.0,,,,,0.0,,,,2.0,25.0,25.0,0.0,0,Andrew Jean-Baptiste,"Jean-Baptiste, Andrew",4.0,0.0,0.0,0.0,,,UConn,2012,20.0,,UConn,2012,2.0
4,4,3.0,Sr,,0.0,1,0.0,,,,,0.0,,,,2.0,24.0,24.0,1.0,0,Andy Rose,"Rose, Andy",7.0,1.0,1.0,0.0,,,UCLA,2012,15.0,,UCLA,2012,1.0
5,5,1.0,Sr,,0.0,1,0.0,,,,,0.0,,,,0.0,21.0,21.0,0.0,0,Aubrey Perry,"Perry, Aubrey",1.0,0.0,0.0,0.0,,,South Fla.,2012,0.0,,South Fla.,2012,2.0
6,6,1.0,,,0.0,1,0.0,,,,,0.0,,,,1.0,23.0,23.0,0.0,0,Austin Berry,"Berry, Austin",3.0,0.0,0.0,0.0,,,Louisville,2012,26.0,,Louisville,2012,0.0
7,7,5.0,Sr,,0.0,1,1.0,,,,,0.0,,,,13.0,21.0,21.0,8.0,0,Babayele Sodade,"Sodade, Babayele",31.0,3.0,4.0,0.0,,,UAB,2012,53.0,,UAB,2012,3.0
8,8,2.0,Sr,,0.0,1,0.0,,,,,0.0,,,,1.0,18.0,10.0,0.0,0,Brendan King,"King, Brendan",4.0,0.0,0.0,0.0,,,Notre Dame,2012,34.0,,Notre Dame,2012,2.0
9,9,2.0,Sr,,0.0,1,0.0,,,,,0.0,,,,6.0,18.0,12.0,2.0,0,Brian Ownby,"Ownby, Brian",14.0,0.0,0.0,0.0,,,Virginia,2012,47.0,,Virginia,2012,4.0
10,10,0.0,Sr,,0.0,1,0.0,3.0,16.0,17.0,0.7440000000000001,0.0,22.0,22.0,123358.0,0.0,22.0,22.0,0.0,0,Brian Rowe,"Rowe, Brian",0.0,0.0,0.0,0.0,0.802,69.0,UCLA,2012,1.0,12.0,UCLA,2012,0.0
11,11,4.0,Sr,,0.0,1,0.0,,,,,0.0,,,,11.0,23.0,23.0,6.0,0,Bryan Gaul,"Gaul, Bryan",26.0,4.0,4.0,0.0,,,Bradley,2012,90.0,,Bradley,2012,4.0
12,12,6.0,Sr,,0.0,1,2.0,,,,,0.0,,,,3.0,16.0,16.0,1.0,0,Calum Mallace,"Mallace, Calum",12.0,1.0,1.0,0.0,,,Marquette,2012,51.0,,Marquette,2012,3.0
13,13,2.0,Sr,,0.0,1,0.0,,,,,0.0,,,,17.0,21.0,21.0,4.0,0,Casey Townsend,"Townsend, Casey",36.0,0.0,0.0,0.0,,,Maryland,2012,106.0,,Maryland,2012,2.0
14,14,6.0,Jr,,0.0,1,0.0,,,,,0.0,,,,18.0,24.0,24.0,5.0,0,Chandler Hoffman,"Hoffman, Chandler",42.0,0.0,0.0,0.0,,,UCLA,2012,53.0,,UCLA,2012,0.0
15,15,0.0,,,0.0,1,0.0,2.0,6.0,18.0,0.813,0.0,17.0,21.0,119484.0,0.0,21.0,21.0,0.0,0,Chris Blais,"Blais, Chris",0.0,0.0,0.0,0.0,0.7979999999999999,71.0,South Fla.,2012,0.0,8.0,South Fla.,2012,0.0
16,16,5.0,Sr,,0.0,1,0.0,,,,,0.0,,,,3.0,22.0,22.0,1.0,0,Chris Estridge,"Estridge, Chris",11.0,0.0,0.0,0.0,,,Indiana,2012,29.0,,Indiana,2012,1.0
17,17,10.0,Sr,,0.0,1,0.0,,,,,0.0,,,,9.0,23.0,21.0,1.0,0,Colin Rolfe,"Rolfe, Colin",28.0,0.0,0.0,0.0,,,Louisville,2012,69.0,,Louisville,2012,3.0
18,18,4.0,So,,0.0,1,0.0,,,,,0.0,,,,21.0,22.0,22.0,6.0,0,Darren Mattocks,"Mattocks, Darren",46.0,0.0,0.0,1.0,,,Akron,2012,101.0,,Akron,2012,1.0
19,19,0.0,Sr,,0.0,1,0.0,,,,,0.0,,,,4.0,20.0,20.0,2.0,0,Diogo de Almeida,"de Almeida, Diogo",8.0,0.0,0.0,1.0,,,SMU,2012,16.0,,SMU,2012,0.0
20,20,3.0,Jr,,0.0,1,0.0,,,,,0.0,,,,16.0,21.0,21.0,5.0,0,Dom Dwyer,"Dwyer, Dom",35.0,1.0,1.0,0.0,,,South Fla.,2012,65.0,,South Fla.,2012,5.0
21,21,4.0,Sr,,0.0,1,0.0,,,,,0.0,,,,3.0,23.0,16.0,1.0,0,Eder Arreola,"Arreola, Eder",10.0,0.0,0.0,1.0,,,UCLA,2012,38.0,,UCLA,2012,3.0
22,22,11.0,Jr,,0.0,1,0.0,,,,,0.0,,,,9.0,26.0,25.0,2.0,0,Enzo Martinez,"Martinez, Enzo",29.0,3.0,3.0,0.0,,,North Carolina,2012,89.0,,North Carolina,2012,2.0
23,23,6.0,Sr,,0.0,1,3.0,,,,,0.0,,,,14.0,24.0,24.0,6.0,0,Ethan Finlay,"Finlay, Ethan",34.0,2.0,3.0,0.0,,,Creighton,2012,93.0,,Creighton,2012,2.0
24,24,7.0,Sr,,0.0,1,0.0,,,,,0.0,,,,5.0,25.0,22.0,1.0,0,Evan James,"James, Evan",17.0,0.0,0.0,0.0,,,Charlotte,2012,41.0,,Charlotte,2012,0.0
25,25,5.0,Sr,,0.0,1,0.0,,,,,0.0,,,,12.0,21.0,20.0,3.0,0,Evans Frimpong,"Frimpong, Evans",29.0,1.0,2.0,0.0,,,Delaware,2012,65.0,,Delaware,2012,6.0
26,26,3.0,Jr,,0.0,1,4.0,,,,,0.0,,,,3.0,23.0,23.0,1.0,0,Greg Jordan,"Jordan, Greg",9.0,0.0,0.0,0.0,,,Creighton,2012,26.0,,Creighton,2012,3.0
27,27,4.0,Sr,,0.0,1,0.0,,,,,0.0,,,,2.0,17.0,17.0,1.0,0,Hunter Jumper,"Jumper, Hunter",8.0,0.0,0.0,2.0,,,Virginia,2012,20.0,,Virginia,2012,3.0
28,28,3.0,Sr,,0.0,1,0.0,,,,,0.0,,,,7.0,20.0,19.0,2.0,0,Karo Okiomah,"Okiomah, Karo",17.0,1.0,2.0,0.0,,,High Point,2012,66.0,,High Point,2012,6.0
29,29,10.0,So,,0.0,1,0.0,,,,,0.0,,,,6.0,24.0,18.0,3.0,0,Kelyn Rowe,"Rowe, Kelyn",22.0,0.0,0.0,0.0,,,UCLA,2012,68.0,,UCLA,2012,3.0
30,30,6.0,Sr,,0.0,1,0.0,,,,,0.0,,,,5.0,23.0,23.0,3.0,0,Kenney Walker,"Walker, Kenney",16.0,0.0,1.0,0.0,,,Louisville,2012,63.0,,Louisville,2012,4.0
31,31,7.0,Sr,,0.0,1,0.0,,,,,0.0,,,,2.0,21.0,21.0,2.0,0,Kevan George,"George, Kevan",11.0,0.0,0.0,0.0,,,UCF,2012,12.0,,UCF,2012,4.0
32,32,7.0,Sr,,0.0,1,0.0,,,,,0.0,,,,3.0,26.0,24.0,1.0,0,Kirk Urso,"Urso, Kirk",13.0,0.0,0.0,0.0,,,North Carolina,2012,62.0,,North Carolina,2012,5.0
33,33,2.0,Sr,,0.0,1,0.0,,,,,0.0,,,,3.0,22.0,22.0,3.0,0,Lance Rozeboom,"Rozeboom, Lance",8.0,3.0,3.0,0.0,,,New Mexico,2012,26.0,,New Mexico,2012,1.0
34,34,1.0,Sr,,0.0,1,0.0,,,,,0.0,,,,10.0,17.0,16.0,3.0,0,Lucky Mkosana,"Mkosana, Lucky",21.0,1.0,1.0,0.0,,,Dartmouth,2012,65.0,,Dartmouth,2012,0.0
35,35,10.0,Sr,,0.0,1,0.0,,,,,0.0,,,,17.0,22.0,22.0,2.0,0,Luis Silva,"Silva, Luis",44.0,3.0,4.0,0.0,,,UC Santa Barbara,2012,79.0,,UC Santa Barbara,2012,5.0
36,36,1.0,Sr,,0.0,1,0.0,,,,,0.0,,,,6.0,26.0,26.0,2.0,0,Matt Hedges,"Hedges, Matt",13.0,0.0,0.0,0.0,,,North Carolina,2012,23.0,,North Carolina,2012,1.0
37,37,4.0,Sr,,0.0,1,0.0,,,,,0.0,,,,2.0,22.0,22.0,1.0,0,Michael Green,"Green, Michael",8.0,1.0,1.0,0.0,,,New Mexico,2012,23.0,,New Mexico,2012,0.0
38,38,8.0,Sr,,0.0,1,0.0,,,,,0.0,,,,9.0,23.0,23.0,4.0,0,Miguel Ibarra,"Ibarra, Miguel",26.0,0.0,0.0,0.0,,,UC Irvine,2012,62.0,,UC Irvine,2012,1.0
39,39,0.0,Sr,,0.0,1,1.0,,,,,0.0,,,,4.0,15.0,14.0,3.0,0,Mykell Bates,"Bates, Mykell",8.0,0.0,0.0,0.0,,,Santa Clara,2012,18.0,,Santa Clara,2012,3.0
40,40,5.0,Sr,,0.0,1,0.0,,,,,0.0,,,,6.0,22.0,22.0,1.0,0,Nick DeLeon,"DeLeon, Nick",17.0,1.0,1.0,0.0,,,Louisville,2012,76.0,,Louisville,2012,0.0
41,41,3.0,Sr,,0.0,1,0.0,,,,,0.0,,,,1.0,25.0,25.0,1.0,0,Nickardo Blake,"Blake, Nickardo",5.0,0.0,0.0,0.0,,,UConn,2012,19.0,,UConn,2012,1.0
42,42,6.0,Sr,,0.0,1,0.0,,,,,0.0,,,,2.0,21.0,21.0,2.0,0,R.J. Allen,"Allen, R.J.",10.0,1.0,1.0,0.0,,,Monmouth,2012,21.0,,Monmouth,2012,1.0
43,43,0.0,Sr,,0.0,1,0.0,,,,,0.0,,,,2.0,13.0,12.0,0.0,0,Rafael Garcia,"Garcia, Rafael",4.0,2.0,2.0,0.0,,,CSUN,2012,32.0,,CSUN,2012,3.0
44,44,2.0,Sr,,0.0,1,0.0,6.0,11.0,12.0,0.648,0.0,17.0,18.0,99993.0,0.0,18.0,18.0,0.0,0,Ryan Meara,"Meara, Ryan",2.0,0.0,0.0,0.0,0.862,75.0,Fordham,2012,0.0,10.0,Fordham,2012,3.0
45,45,4.0,Jr,,0.0,1,0.0,,,,,0.0,,,,8.0,23.0,22.0,3.0,0,Sam Garza,"Garza, Sam",20.0,2.0,2.0,0.0,,,UC Santa Barbara,2012,80.0,,UC Santa Barbara,2012,5.0
46,46,5.0,Sr,,0.0,1,0.0,,,,,0.0,,,,1.0,24.0,22.0,0.0,0,Shawn Singh,"Singh, Shawn",7.0,0.0,0.0,0.0,,,UCLA,2012,4.0,,UCLA,2012,1.0
47,47,7.0,Sr,,0.0,1,0.0,,,,,0.0,,,,0.0,22.0,22.0,0.0,0,Tommy Meyer,"Meyer, Tommy",7.0,0.0,0.0,0.0,,,Indiana,2012,9.0,,Indiana,2012,0.0
48,48,8.0,Sr,,0.0,1,0.0,,,,,0.0,,,,5.0,25.0,19.0,1.0,0,Tony Cascio,"Cascio, Tony",18.0,0.0,0.0,0.0,,,UConn,2012,71.0,,UConn,2012,3.0
49,49,5.0,So,,0.0,1,2.0,,,,,0.0,,,,1.0,24.0,24.0,0.0,0,Tyler Polak,"Polak, Tyler",7.0,0.0,0.0,0.0,,,Creighton,2012,7.0,,Creighton,2012,1.0
50,50,3.0,Sr,,0.0,1,0.0,,,,,0.0,,,,1.0,17.0,16.0,1.0,0,Warren Creavalle,"Creavalle, Warren",5.0,0.0,0.0,0.0,,,UCF,2012,27.0,,UCF,2012,1.0
51,51,7.0,Sr,,0.0,1,0.0,,,,,0.0,,,,7.0,17.0,17.0,2.0,0,Christian Barreiro,"Barreiro, Christian",21.0,2.0,2.0,0.0,,,Penn,2012,64.0,,Penn,2012,3.0
52,52,0.0,Sr,,0.0,1,0.0,,,,,0.0,,,,0.0,13.0,12.0,0.0,0,Justin Chavez,"Chavez, Justin",0.0,0.0,0.0,0.0,,,Tulsa,2012,3.0,,Tulsa,2012,1.0
53,53,8.0,Sr,,0.0,1,0.0,,,,,0.0,,,,5.0,16.0,11.0,2.0,0,Luke Holmes,"Holmes, Luke",18.0,0.0,0.0,0.0,,,Akron,2012,40.0,,Akron,2012,0.0
54,54,6.0,Sr,,0.0,1,0.0,,,,,0.0,,,,4.0,17.0,17.0,0.0,0,Antoine Hoppenot,"Hoppenot, Antoine",14.0,2.0,3.0,0.0,,,Princeton,2012,35.0,,Princeton,2012,1.0
55,55,10.0,Sr,,0.0,1,0.0,,,,,0.0,,,,10.0,20.0,18.0,4.0,0,Arthur Ivo,"Ivo, Arthur",30.0,3.0,3.0,0.0,,,SMU,2012,79.0,,SMU,2012,0.0
56,56,6.0,Sr,,0.0,1,0.0,,,,,0.0,,,,2.0,22.0,21.0,0.0,0,James Kiffe,"Kiffe, James",10.0,0.0,0.0,0.0,,,UC Santa Barbara,2012,30.0,,UC Santa Barbara,2012,2.0
57,57,0.0,,,0.0,1,0.0,8.0,11.0,26.0,1.3219999999999998,0.0,18.0,20.0,106225.0,0.0,20.0,20.0,0.0,0,Jhojan Obando,"Obando, Jhojan",0.0,0.0,0.0,0.0,0.7140000000000001,65.0,Providence,2012,0.0,7.0,Providence,2012,2.0
58,58,1.0,Sr,,0.0,1,0.0,,,,,0.0,,,,1.0,25.0,24.0,0.0,0,Charles Rodriguez,"Rodriguez, Charles",3.0,0.0,0.0,0.0,,,Charlotte,2012,27.0,,Charlotte,2012,2.0
59,59,0.0,Sr,,0.0,1,0.0,,,,,0.0,,,,2.0,18.0,18.0,2.0,0,Patrick Sigler,"Sigler, Patrick",4.0,2.0,3.0,0.0,,,Cal Poly,2012,16.0,,Cal Poly,2012,5.0
60,60,5.0,Sr,,0.0,1,0.0,,,,,0.0,,,,7.0,19.0,19.0,2.0,0,Tony Walls,"Walls, Tony",19.0,3.0,4.0,0.0,,,Green Bay,2012,34.0,,Green Bay,2012,3.0
